Number, Time (Divide & Conquer), Time (Naive), Min, Max
100, 0.000000, 0.000000, 41, 32757
200, 0.000000, 0.000000, 41, 32757
300, 0.000000, 0.000000, 41, 32757
400, 0.000000, 0.000000, 41, 32757
500, 0.000000, 0.000000, 41, 32757
600, 0.000000, 0.000000, 41, 32757
700, 0.000000, 0.000000, 41, 32757
800, 0.000000, 0.000000, 28, 32757
900, 0.000000, 0.000000, 28, 32757
1000, 0.000000, 0.000000, 28, 32757
1100, 0.000000, 0.000000, 28, 32757
1200, 0.000000, 0.000000, 28, 32757
1300, 0.000000, 0.000000, 28, 32757
1400, 0.000000, 0.000000, 28, 32757
1500, 0.000000, 0.000000, 28, 32757
1600, 0.000000, 0.000000, 28, 32757
1700, 0.000000, 0.000000, 28, 32757
1800, 0.000000, 0.000000, 28, 32757
1900, 0.001000, 0.000000, 21, 32757
2000, 0.000000, 0.000000, 21, 32757
2100, 0.000000, 0.000000, 21, 32757
2200, 0.000000, 0.000000, 21, 32757
2300, 0.000000, 0.000000, 21, 32757
2400, 0.000000, 0.000000, 21, 32765
2500, 0.000000, 0.000000, 21, 32765
2600, 0.000000, 0.000000, 21, 32765
2700, 0.000000, 0.000000, 21, 32765
2800, 0.000000, 0.000000, 21, 32765
2900, 0.000000, 0.000000, 21, 32765
3000, 0.000000, 0.000000, 21, 32765
3100, 0.000000, 0.000000, 21, 32765
3200, 0.000000, 0.000000, 21, 32765
3300, 0.000000, 0.000000, 21, 32765
3400, 0.000000, 0.000000, 21, 32765
3500, 0.000000, 0.000000, 21, 32765
3600, 0.000000, 0.000000, 21, 32765
3700, 0.000000, 0.000000, 21, 32765
3800, 0.000000, 0.000000, 21, 32765
3900, 0.000000, 0.000000, 21, 32765
4000, 0.000000, 0.000000, 21, 32765
4100, 0.000000, 0.000000, 21, 32765
4200, 0.001000, 0.000000, 21, 32765
4300, 0.000000, 0.000000, 21, 32765
4400, 0.000000, 0.000000, 21, 32765
4500, 0.000000, 0.000000, 21, 32765
4600, 0.000000, 0.000000, 21, 32765
4700, 0.000000, 0.000000, 8, 32765
4800, 0.000000, 0.000000, 8, 32765
4900, 0.000000, 0.000000, 8, 32765
5000, 0.000000, 0.000000, 8, 32765
5100, 0.000000, 0.000000, 8, 32765
5200, 0.000000, 0.000000, 8, 32765
5300, 0.000000, 0.000000, 8, 32765
5400, 0.000000, 0.000000, 8, 32765
5500, 0.000000, 0.000000, 8, 32765
5600, 0.000000, 0.000000, 8, 32765
5700, 0.000000, 0.000000, 8, 32765
5800, 0.000000, 0.000000, 8, 32765
5900, 0.001000, 0.000000, 8, 32765
6000, 0.000000, 0.000000, 8, 32765
6100, 0.000000, 0.000000, 8, 32765
6200, 0.000000, 0.000000, 8, 32765
6300, 0.000000, 0.000000, 8, 32765
6400, 0.000000, 0.000000, 8, 32765
6500, 0.000000, 0.000000, 3, 32765
6600, 0.000000, 0.000000, 3, 32765
6700, 0.000000, 0.000000, 3, 32765
6800, 0.000000, 0.000000, 3, 32765
6900, 0.000000, 0.000000, 3, 32765
7000, 0.000000, 0.000000, 3, 32765
7100, 0.000000, 0.000000, 3, 32765
7200, 0.000000, 0.000000, 3, 32765
7300, 0.000000, 0.000000, 3, 32765
7400, 0.000000, 0.000000, 3, 32765
7500, 0.000000, 0.000000, 3, 32765
7600, 0.000000, 0.000000, 3, 32765
7700, 0.000000, 0.000000, 3, 32765
7800, 0.001000, 0.000000, 3, 32765
7900, 0.000000, 0.000000, 3, 32765
8000, 0.000000, 0.000000, 3, 32765
8100, 0.000000, 0.000000, 3, 32765
8200, 0.000000, 0.000000, 3, 32765
8300, 0.000000, 0.000000, 3, 32765
8400, 0.000000, 0.000000, 3, 32765
8500, 0.000000, 0.000000, 3, 32765
8600, 0.000000, 0.000000, 3, 32765
8700, 0.000000, 0.000000, 3, 32765
8800, 0.000000, 0.000000, 3, 32765
8900, 0.000000, 0.000000, 3, 32765
9000, 0.000000, 0.000000, 3, 32765
9100, 0.001000, 0.000000, 3, 32765
9200, 0.000000, 0.000000, 3, 32765
9300, 0.000000, 0.000000, 3, 32765
9400, 0.000000, 0.000000, 3, 32765
9500, 0.000000, 0.000000, 3, 32765
9600, 0.000000, 0.000000, 3, 32765
9700, 0.000000, 0.000000, 3, 32765
9800, 0.000000, 0.000000, 3, 32765
9900, 0.000000, 0.000000, 3, 32765
10000, 0.000000, 0.000000, 3, 32765
10100, 0.000000, 0.000000, 3, 32765
10200, 0.000000, 0.000000, 3, 32765
10300, 0.000000, 0.000000, 3, 32765
10400, 0.001000, 0.000000, 3, 32765
10500, 0.000000, 0.000000, 3, 32765
10600, 0.000000, 0.000000, 3, 32765
10700, 0.000000, 0.000000, 3, 32765
10800, 0.000000, 0.000000, 3, 32765
10900, 0.000000, 0.000000, 3, 32765
11000, 0.000000, 0.001000, 3, 32765
11100, 0.000000, 0.000000, 3, 32765
11200, 0.000000, 0.000000, 3, 32765
11300, 0.000000, 0.000000, 3, 32765
11400, 0.000000, 0.000000, 3, 32765
11500, 0.000000, 0.000000, 3, 32765
11600, 0.000000, 0.000000, 3, 32765
11700, 0.000000, 0.000000, 3, 32765
11800, 0.002000, 0.000000, 3, 32765
11900, 0.000000, 0.000000, 1, 32765
12000, 0.000000, 0.000000, 1, 32765
12100, 0.000000, 0.001000, 1, 32765
12200, 0.000000, 0.000000, 1, 32765
12300, 0.000000, 0.000000, 1, 32765
12400, 0.000000, 0.000000, 1, 32765
12500, 0.000000, 0.000000, 1, 32765
12600, 0.000000, 0.000000, 1, 32765
12700, 0.000000, 0.000000, 1, 32765
12800, 0.000000, 0.000000, 1, 32765
12900, 0.000000, 0.000000, 1, 32765
13000, 0.000000, 0.000000, 1, 32765
13100, 0.000000, 0.000000, 1, 32765
13200, 0.000000, 0.000000, 1, 32765
13300, 0.001000, 0.000000, 1, 32765
13400, 0.000000, 0.000000, 1, 32765
13500, 0.000000, 0.000000, 1, 32765
13600, 0.001000, 0.000000, 1, 32765
13700, 0.000000, 0.000000, 1, 32765
13800, 0.000000, 0.000000, 1, 32765
13900, 0.000000, 0.000000, 1, 32765
14000, 0.001000, 0.000000, 1, 32765
14100, 0.000000, 0.000000, 1, 32765
14200, 0.000000, 0.000000, 1, 32765
14300, 0.000000, 0.000000, 1, 32765
14400, 0.000000, 0.000000, 1, 32765
14500, 0.000000, 0.000000, 1, 32765
14600, 0.001000, 0.000000, 1, 32765
14700, 0.000000, 0.000000, 1, 32765
14800, 0.000000, 0.000000, 1, 32765
14900, 0.000000, 0.000000, 1, 32765
15000, 0.000000, 0.000000, 1, 32765
15100, 0.000000, 0.000000, 1, 32765
15200, 0.000000, 0.000000, 1, 32765
15300, 0.000000, 0.000000, 1, 32765
15400, 0.000000, 0.000000, 1, 32765
15500, 0.000000, 0.000000, 1, 32765
15600, 0.000000, 0.000000, 1, 32765
15700, 0.000000, 0.000000, 1, 32765
15800, 0.001000, 0.000000, 1, 32765
15900, 0.000000, 0.000000, 1, 32765
16000, 0.000000, 0.000000, 1, 32765
16100, 0.000000, 0.000000, 1, 32765
16200, 0.000000, 0.000000, 1, 32765
16300, 0.000000, 0.001000, 1, 32765
16400, 0.000000, 0.000000, 1, 32765
16500, 0.000000, 0.000000, 1, 32765
16600, 0.000000, 0.000000, 1, 32765
16700, 0.000000, 0.000000, 1, 32765
16800, 0.000000, 0.001000, 1, 32765
16900, 0.000000, 0.000000, 1, 32765
17000, 0.000000, 0.000000, 1, 32765
17100, 0.000000, 0.000000, 1, 32765
17200, 0.000000, 0.000000, 1, 32765
17300, 0.001000, 0.000000, 1, 32765
17400, 0.000000, 0.000000, 1, 32765
17500, 0.000000, 0.000000, 1, 32765
17600, 0.000000, 0.000000, 1, 32765
17700, 0.000000, 0.000000, 1, 32765
17800, 0.000000, 0.000000, 1, 32765
17900, 0.000000, 0.000000, 1, 32765
18000, 0.000000, 0.000000, 1, 32765
18100, 0.001000, 0.000000, 1, 32765
18200, 0.000000, 0.000000, 1, 32765
18300, 0.000000, 0.000000, 1, 32765
18400, 0.000000, 0.000000, 1, 32765
18500, 0.000000, 0.000000, 1, 32765
18600, 0.000000, 0.000000, 1, 32765
18700, 0.000000, 0.000000, 1, 32765
18800, 0.000000, 0.000000, 1, 32765
18900, 0.001000, 0.000000, 1, 32765
19000, 0.000000, 0.000000, 1, 32765
19100, 0.000000, 0.000000, 1, 32765
19200, 0.001000, 0.000000, 1, 32765
19300, 0.000000, 0.000000, 1, 32765
19400, 0.000000, 0.000000, 1, 32765
19500, 0.000000, 0.000000, 1, 32765
19600, 0.000000, 0.000000, 1, 32765
19700, 0.000000, 0.000000, 1, 32765
19800, 0.000000, 0.000000, 1, 32765
19900, 0.000000, 0.000000, 1, 32765
20000, 0.000000, 0.000000, 1, 32765
20100, 0.000000, 0.000000, 1, 32765
20200, 0.001000, 0.000000, 1, 32765
20300, 0.000000, 0.000000, 1, 32765
20400, 0.000000, 0.000000, 1, 32765
20500, 0.001000, 0.000000, 1, 32765
20600, 0.000000, 0.000000, 1, 32765
20700, 0.000000, 0.000000, 1, 32765
20800, 0.000000, 0.000000, 1, 32765
20900, 0.000000, 0.000000, 1, 32765
21000, 0.001000, 0.000000, 1, 32765
21100, 0.000000, 0.000000, 1, 32765
21200, 0.000000, 0.000000, 1, 32765
21300, 0.000000, 0.000000, 1, 32765
21400, 0.000000, 0.000000, 1, 32765
21500, 0.001000, 0.000000, 1, 32765
21600, 0.000000, 0.000000, 1, 32765
21700, 0.000000, 0.000000, 1, 32765
21800, 0.000000, 0.000000, 1, 32765
21900, 0.001000, 0.000000, 1, 32765
22000, 0.000000, 0.000000, 1, 32765
22100, 0.000000, 0.000000, 1, 32765
22200, 0.000000, 0.001000, 1, 32765
22300, 0.000000, 0.000000, 1, 32765
22400, 0.000000, 0.000000, 1, 32765
22500, 0.000000, 0.000000, 1, 32765
22600, 0.001000, 0.000000, 1, 32765
22700, 0.000000, 0.000000, 1, 32765
22800, 0.000000, 0.000000, 1, 32765
22900, 0.000000, 0.001000, 1, 32765
23000, 0.000000, 0.000000, 1, 32765
23100, 0.000000, 0.000000, 1, 32765
23200, 0.000000, 0.000000, 1, 32765
23300, 0.001000, 0.000000, 1, 32765
23400, 0.000000, 0.000000, 1, 32765
23500, 0.001000, 0.000000, 1, 32765
23600, 0.000000, 0.000000, 1, 32765
23700, 0.001000, 0.000000, 1, 32765
23800, 0.000000, 0.000000, 1, 32765
23900, 0.001000, 0.000000, 1, 32765
24000, 0.000000, 0.001000, 1, 32765
24100, 0.000000, 0.000000, 1, 32765
24200, 0.001000, 0.000000, 1, 32765
24300, 0.000000, 0.000000, 1, 32765
24400, 0.000000, 0.000000, 1, 32765
24500, 0.001000, 0.000000, 1, 32765
24600, 0.000000, 0.000000, 1, 32765
24700, 0.000000, 0.000000, 1, 32765
24800, 0.000000, 0.000000, 1, 32765
24900, 0.000000, 0.000000, 1, 32765
25000, 0.000000, 0.000000, 1, 32765
25100, 0.000000, 0.000000, 1, 32765
25200, 0.000000, 0.000000, 0, 32765
25300, 0.001000, 0.000000, 0, 32765
25400, 0.000000, 0.000000, 0, 32765
25500, 0.000000, 0.000000, 0, 32765
25600, 0.000000, 0.000000, 0, 32765
25700, 0.000000, 0.000000, 0, 32765
25800, 0.001000, 0.000000, 0, 32765
25900, 0.000000, 0.000000, 0, 32765
26000, 0.000000, 0.000000, 0, 32765
26100, 0.001000, 0.000000, 0, 32765
26200, 0.000000, 0.000000, 0, 32765
26300, 0.000000, 0.000000, 0, 32765
26400, 0.000000, 0.000000, 0, 32765
26500, 0.000000, 0.000000, 0, 32765
26600, 0.000000, 0.000000, 0, 32765
26700, 0.000000, 0.000000, 0, 32765
26800, 0.001000, 0.000000, 0, 32765
26900, 0.000000, 0.000000, 0, 32765
27000, 0.000000, 0.000000, 0, 32765
27100, 0.000000, 0.000000, 0, 32765
27200, 0.000000, 0.000000, 0, 32765
27300, 0.000000, 0.000000, 0, 32765
27400, 0.000000, 0.000000, 0, 32765
27500, 0.001000, 0.000000, 0, 32765
27600, 0.000000, 0.000000, 0, 32765
27700, 0.000000, 0.000000, 0, 32765
27800, 0.001000, 0.000000, 0, 32765
27900, 0.001000, 0.000000, 0, 32765
28000, 0.000000, 0.000000, 0, 32765
28100, 0.000000, 0.000000, 0, 32765
28200, 0.000000, 0.000000, 0, 32765
28300, 0.000000, 0.000000, 0, 32765
28400, 0.000000, 0.000000, 0, 32765
28500, 0.001000, 0.000000, 0, 32765
28600, 0.000000, 0.000000, 0, 32765
28700, 0.001000, 0.000000, 0, 32765
28800, 0.000000, 0.000000, 0, 32765
28900, 0.000000, 0.000000, 0, 32765
29000, 0.001000, 0.000000, 0, 32765
29100, 0.000000, 0.000000, 0, 32765
29200, 0.001000, 0.000000, 0, 32765
29300, 0.000000, 0.000000, 0, 32765
29400, 0.000000, 0.000000, 0, 32765
29500, 0.001000, 0.000000, 0, 32765
29600, 0.000000, 0.000000, 0, 32765
29700, 0.001000, 0.000000, 0, 32765
29800, 0.000000, 0.000000, 0, 32765
29900, 0.000000, 0.000000, 0, 32765
30000, 0.000000, 0.000000, 0, 32765
30100, 0.000000, 0.000000, 0, 32765
30200, 0.000000, 0.000000, 0, 32765
30300, 0.000000, 0.000000, 0, 32765
30400, 0.000000, 0.000000, 0, 32765
30500, 0.001000, 0.000000, 0, 32765
30600, 0.000000, 0.000000, 0, 32765
30700, 0.000000, 0.001000, 0, 32765
30800, 0.000000, 0.000000, 0, 32765
30900, 0.000000, 0.000000, 0, 32765
31000, 0.000000, 0.000000, 0, 32765
31100, 0.000000, 0.000000, 0, 32765
31200, 0.000000, 0.000000, 0, 32765
31300, 0.001000, 0.000000, 0, 32765
31400, 0.000000, 0.000000, 0, 32765
31500, 0.000000, 0.001000, 0, 32765
31600, 0.000000, 0.000000, 0, 32765
31700, 0.000000, 0.001000, 0, 32765
31800, 0.000000, 0.000000, 0, 32765
31900, 0.000000, 0.000000, 0, 32765
32000, 0.001000, 0.000000, 0, 32765
32100, 0.000000, 0.000000, 0, 32765
32200, 0.000000, 0.000000, 0, 32765
32300, 0.000000, 0.000000, 0, 32765
32400, 0.000000, 0.000000, 0, 32765
32500, 0.001000, 0.000000, 0, 32765
32600, 0.000000, 0.000000, 0, 32765
32700, 0.000000, 0.001000, 0, 32765
32800, 0.000000, 0.000000, 0, 32765
32900, 0.000000, 0.000000, 0, 32765
33000, 0.001000, 0.000000, 0, 32765
33100, 0.000000, 0.000000, 0, 32765
33200, 0.000000, 0.000000, 0, 32765
33300, 0.000000, 0.000000, 0, 32765
33400, 0.000000, 0.000000, 0, 32765
33500, 0.001000, 0.000000, 0, 32765
33600, 0.000000, 0.000000, 0, 32765
33700, 0.001000, 0.000000, 0, 32765
33800, 0.000000, 0.000000, 0, 32765
33900, 0.000000, 0.000000, 0, 32765
34000, 0.000000, 0.000000, 0, 32765
34100, 0.000000, 0.000000, 0, 32765
34200, 0.001000, 0.000000, 0, 32765
34300, 0.000000, 0.000000, 0, 32765
34400, 0.000000, 0.000000, 0, 32765
34500, 0.000000, 0.000000, 0, 32765
34600, 0.000000, 0.000000, 0, 32765
34700, 0.000000, 0.000000, 0, 32765
34800, 0.000000, 0.000000, 0, 32765
34900, 0.000000, 0.000000, 0, 32765
35000, 0.000000, 0.000000, 0, 32765
35100, 0.000000, 0.000000, 0, 32765
35200, 0.000000, 0.000000, 0, 32765
35300, 0.000000, 0.001000, 0, 32765
35400, 0.000000, 0.000000, 0, 32765
35500, 0.000000, 0.001000, 0, 32765
35600, 0.000000, 0.000000, 0, 32765
35700, 0.000000, 0.001000, 0, 32765
35800, 0.000000, 0.000000, 0, 32765
35900, 0.000000, 0.000000, 0, 32765
36000, 0.000000, 0.000000, 0, 32765
36100, 0.000000, 0.000000, 0, 32765
36200, 0.000000, 0.000000, 0, 32765
36300, 0.000000, 0.000000, 0, 32765
36400, 0.000000, 0.000000, 0, 32765
36500, 0.000000, 0.000000, 0, 32765
36600, 0.001000, 0.000000, 0, 32765
36700, 0.000000, 0.000000, 0, 32765
36800, 0.001000, 0.000000, 0, 32765
36900, 0.000000, 0.000000, 0, 32765
37000, 0.001000, 0.000000, 0, 32765
37100, 0.000000, 0.000000, 0, 32765
37200, 0.000000, 0.000000, 0, 32765
37300, 0.000000, 0.000000, 0, 32765
37400, 0.000000, 0.000000, 0, 32765
37500, 0.002000, 0.000000, 0, 32765
37600, 0.000000, 0.000000, 0, 32765
37700, 0.000000, 0.000000, 0, 32765
37800, 0.000000, 0.000000, 0, 32765
37900, 0.000000, 0.001000, 0, 32765
38000, 0.000000, 0.000000, 0, 32765
38100, 0.001000, 0.000000, 0, 32765
38200, 0.000000, 0.000000, 0, 32765
38300, 0.000000, 0.001000, 0, 32765
38400, 0.000000, 0.000000, 0, 32765
38500, 0.000000, 0.002000, 0, 32765
38600, 0.000000, 0.000000, 0, 32765
38700, 0.000000, 0.000000, 0, 32765
38800, 0.000000, 0.000000, 0, 32767
38900, 0.001000, 0.000000, 0, 32767
39000, 0.000000, 0.000000, 0, 32767
39100, 0.001000, 0.000000, 0, 32767
39200, 0.000000, 0.000000, 0, 32767
39300, 0.001000, 0.000000, 0, 32767
39400, 0.000000, 0.000000, 0, 32767
39500, 0.001000, 0.000000, 0, 32767
39600, 0.000000, 0.000000, 0, 32767
39700, 0.001000, 0.000000, 0, 32767
39800, 0.000000, 0.000000, 0, 32767
39900, 0.001000, 0.000000, 0, 32767
40000, 0.000000, 0.000000, 0, 32767
40100, 0.001000, 0.000000, 0, 32767
40200, 0.001000, 0.000000, 0, 32767
40300, 0.000000, 0.000000, 0, 32767
40400, 0.000000, 0.000000, 0, 32767
40500, 0.000000, 0.000000, 0, 32767
40600, 0.000000, 0.000000, 0, 32767
40700, 0.000000, 0.000000, 0, 32767
40800, 0.001000, 0.000000, 0, 32767
40900, 0.000000, 0.000000, 0, 32767
41000, 0.000000, 0.001000, 0, 32767
41100, 0.000000, 0.000000, 0, 32767
41200, 0.000000, 0.000000, 0, 32767
41300, 0.000000, 0.000000, 0, 32767
41400, 0.001000, 0.000000, 0, 32767
41500, 0.000000, 0.000000, 0, 32767
41600, 0.000000, 0.000000, 0, 32767
41700, 0.000000, 0.000000, 0, 32767
41800, 0.001000, 0.000000, 0, 32767
41900, 0.000000, 0.000000, 0, 32767
42000, 0.000000, 0.000000, 0, 32767
42100, 0.000000, 0.000000, 0, 32767
42200, 0.000000, 0.000000, 0, 32767
42300, 0.000000, 0.000000, 0, 32767
42400, 0.000000, 0.000000, 0, 32767
42500, 0.000000, 0.000000, 0, 32767
42600, 0.000000, 0.000000, 0, 32767
42700, 0.000000, 0.000000, 0, 32767
42800, 0.000000, 0.000000, 0, 32767
42900, 0.001000, 0.000000, 0, 32767
43000, 0.000000, 0.000000, 0, 32767
43100, 0.001000, 0.000000, 0, 32767
43200, 0.001000, 0.000000, 0, 32767
43300, 0.000000, 0.000000, 0, 32767
43400, 0.000000, 0.000000, 0, 32767
43500, 0.000000, 0.000000, 0, 32767
43600, 0.001000, 0.000000, 0, 32767
43700, 0.002000, 0.000000, 0, 32767
43800, 0.000000, 0.000000, 0, 32767
43900, 0.000000, 0.000000, 0, 32767
44000, 0.000000, 0.000000, 0, 32767
44100, 0.001000, 0.000000, 0, 32767
44200, 0.000000, 0.000000, 0, 32767
44300, 0.000000, 0.000000, 0, 32767
44400, 0.000000, 0.001000, 0, 32767
44500, 0.000000, 0.000000, 0, 32767
44600, 0.001000, 0.000000, 0, 32767
44700, 0.000000, 0.000000, 0, 32767
44800, 0.000000, 0.000000, 0, 32767
44900, 0.001000, 0.000000, 0, 32767
45000, 0.000000, 0.000000, 0, 32767
45100, 0.001000, 0.000000, 0, 32767
45200, 0.000000, 0.000000, 0, 32767
45300, 0.001000, 0.000000, 0, 32767
45400, 0.000000, 0.002000, 0, 32767
45500, 0.001000, 0.000000, 0, 32767
45600, 0.001000, 0.000000, 0, 32767
45700, 0.001000, 0.000000, 0, 32767
45800, 0.001000, 0.000000, 0, 32767
45900, 0.000000, 0.000000, 0, 32767
46000, 0.001000, 0.000000, 0, 32767
46100, 0.000000, 0.000000, 0, 32767
46200, 0.000000, 0.002000, 0, 32767
46300, 0.000000, 0.000000, 0, 32767
46400, 0.000000, 0.000000, 0, 32767
46500, 0.000000, 0.000000, 0, 32767
46600, 0.001000, 0.000000, 0, 32767
46700, 0.000000, 0.000000, 0, 32767
46800, 0.000000, 0.000000, 0, 32767
46900, 0.000000, 0.001000, 0, 32767
47000, 0.000000, 0.001000, 0, 32767
47100, 0.001000, 0.000000, 0, 32767
47200, 0.000000, 0.000000, 0, 32767
47300, 0.002000, 0.000000, 0, 32767
47400, 0.000000, 0.000000, 0, 32767
47500, 0.001000, 0.000000, 0, 32767
47600, 0.000000, 0.001000, 0, 32767
47700, 0.000000, 0.000000, 0, 32767
47800, 0.001000, 0.000000, 0, 32767
47900, 0.000000, 0.002000, 0, 32767
48000, 0.000000, 0.000000, 0, 32767
48100, 0.000000, 0.000000, 0, 32767
48200, 0.000000, 0.001000, 0, 32767
48300, 0.000000, 0.000000, 0, 32767
48400, 0.000000, 0.000000, 0, 32767
48500, 0.001000, 0.000000, 0, 32767
48600, 0.000000, 0.000000, 0, 32767
48700, 0.000000, 0.000000, 0, 32767
48800, 0.000000, 0.000000, 0, 32767
48900, 0.000000, 0.000000, 0, 32767
49000, 0.000000, 0.001000, 0, 32767
49100, 0.000000, 0.000000, 0, 32767
49200, 0.001000, 0.000000, 0, 32767
49300, 0.000000, 0.000000, 0, 32767
49400, 0.000000, 0.000000, 0, 32767
49500, 0.000000, 0.000000, 0, 32767
49600, 0.000000, 0.000000, 0, 32767
49700, 0.000000, 0.000000, 0, 32767
49800, 0.000000, 0.000000, 0, 32767
49900, 0.001000, 0.000000, 0, 32767
50000, 0.000000, 0.000000, 0, 32767
50100, 0.001000, 0.000000, 0, 32767
50200, 0.000000, 0.000000, 0, 32767
50300, 0.000000, 0.000000, 0, 32767
50400, 0.000000, 0.000000, 0, 32767
50500, 0.000000, 0.000000, 0, 32767
50600, 0.000000, 0.000000, 0, 32767
50700, 0.001000, 0.000000, 0, 32767
50800, 0.000000, 0.000000, 0, 32767
50900, 0.000000, 0.001000, 0, 32767
51000, 0.000000, 0.000000, 0, 32767
51100, 0.001000, 0.000000, 0, 32767
51200, 0.000000, 0.000000, 0, 32767
51300, 0.000000, 0.000000, 0, 32767
51400, 0.001000, 0.000000, 0, 32767
51500, 0.000000, 0.000000, 0, 32767
51600, 0.001000, 0.000000, 0, 32767
51700, 0.000000, 0.000000, 0, 32767
51800, 0.001000, 0.000000, 0, 32767
51900, 0.000000, 0.000000, 0, 32767
52000, 0.000000, 0.000000, 0, 32767
52100, 0.000000, 0.001000, 0, 32767
52200, 0.001000, 0.000000, 0, 32767
52300, 0.000000, 0.001000, 0, 32767
52400, 0.000000, 0.000000, 0, 32767
52500, 0.000000, 0.000000, 0, 32767
52600, 0.000000, 0.001000, 0, 32767
52700, 0.000000, 0.000000, 0, 32767
52800, 0.001000, 0.000000, 0, 32767
52900, 0.000000, 0.001000, 0, 32767
53000, 0.000000, 0.000000, 0, 32767
53100, 0.001000, 0.000000, 0, 32767
53200, 0.000000, 0.000000, 0, 32767
53300, 0.000000, 0.001000, 0, 32767
53400, 0.000000, 0.000000, 0, 32767
53500, 0.001000, 0.000000, 0, 32767
53600, 0.000000, 0.000000, 0, 32767
53700, 0.000000, 0.000000, 0, 32767
53800, 0.000000, 0.001000, 0, 32767
53900, 0.000000, 0.000000, 0, 32767
54000, 0.001000, 0.000000, 0, 32767
54100, 0.000000, 0.000000, 0, 32767
54200, 0.001000, 0.000000, 0, 32767
54300, 0.000000, 0.001000, 0, 32767
54400, 0.000000, 0.000000, 0, 32767
54500, 0.000000, 0.000000, 0, 32767
54600, 0.000000, 0.000000, 0, 32767
54700, 0.000000, 0.000000, 0, 32767
54800, 0.000000, 0.000000, 0, 32767
54900, 0.001000, 0.000000, 0, 32767
55000, 0.000000, 0.000000, 0, 32767
55100, 0.001000, 0.000000, 0, 32767
55200, 0.001000, 0.000000, 0, 32767
55300, 0.000000, 0.000000, 0, 32767
55400, 0.001000, 0.000000, 0, 32767
55500, 0.000000, 0.000000, 0, 32767
55600, 0.001000, 0.000000, 0, 32767
55700, 0.000000, 0.000000, 0, 32767
55800, 0.001000, 0.000000, 0, 32767
55900, 0.001000, 0.000000, 0, 32767
56000, 0.000000, 0.000000, 0, 32767
56100, 0.001000, 0.000000, 0, 32767
56200, 0.000000, 0.000000, 0, 32767
56300, 0.000000, 0.000000, 0, 32767
56400, 0.001000, 0.000000, 0, 32767
56500, 0.000000, 0.000000, 0, 32767
56600, 0.000000, 0.001000, 0, 32767
56700, 0.000000, 0.000000, 0, 32767
56800, 0.001000, 0.000000, 0, 32767
56900, 0.001000, 0.000000, 0, 32767
57000, 0.000000, 0.000000, 0, 32767
57100, 0.000000, 0.001000, 0, 32767
57200, 0.000000, 0.000000, 0, 32767
57300, 0.001000, 0.000000, 0, 32767
57400, 0.000000, 0.000000, 0, 32767
57500, 0.000000, 0.000000, 0, 32767
57600, 0.001000, 0.000000, 0, 32767
57700, 0.000000, 0.000000, 0, 32767
57800, 0.000000, 0.000000, 0, 32767
57900, 0.000000, 0.001000, 0, 32767
58000, 0.000000, 0.000000, 0, 32767
58100, 0.001000, 0.000000, 0, 32767
58200, 0.001000, 0.000000, 0, 32767
58300, 0.000000, 0.000000, 0, 32767
58400, 0.001000, 0.000000, 0, 32767
58500, 0.000000, 0.000000, 0, 32767
58600, 0.001000, 0.000000, 0, 32767
58700, 0.000000, 0.001000, 0, 32767
58800, 0.000000, 0.000000, 0, 32767
58900, 0.000000, 0.000000, 0, 32767
59000, 0.001000, 0.000000, 0, 32767
59100, 0.000000, 0.001000, 0, 32767
59200, 0.001000, 0.000000, 0, 32767
59300, 0.001000, 0.000000, 0, 32767
59400, 0.001000, 0.000000, 0, 32767
59500, 0.000000, 0.001000, 0, 32767
59600, 0.000000, 0.000000, 0, 32767
59700, 0.001000, 0.000000, 0, 32767
59800, 0.000000, 0.000000, 0, 32767
59900, 0.000000, 0.000000, 0, 32767
60000, 0.001000, 0.000000, 0, 32767
60100, 0.001000, 0.000000, 0, 32767
60200, 0.000000, 0.000000, 0, 32767
60300, 0.000000, 0.000000, 0, 32767
60400, 0.001000, 0.000000, 0, 32767
60500, 0.000000, 0.000000, 0, 32767
60600, 0.001000, 0.000000, 0, 32767
60700, 0.000000, 0.001000, 0, 32767
60800, 0.000000, 0.000000, 0, 32767
60900, 0.001000, 0.000000, 0, 32767
61000, 0.000000, 0.001000, 0, 32767
61100, 0.000000, 0.000000, 0, 32767
61200, 0.000000, 0.000000, 0, 32767
61300, 0.001000, 0.000000, 0, 32767
61400, 0.000000, 0.001000, 0, 32767
61500, 0.001000, 0.000000, 0, 32767
61600, 0.000000, 0.000000, 0, 32767
61700, 0.000000, 0.001000, 0, 32767
61800, 0.000000, 0.000000, 0, 32767
61900, 0.001000, 0.000000, 0, 32767
62000, 0.000000, 0.001000, 0, 32767
62100, 0.000000, 0.000000, 0, 32767
62200, 0.001000, 0.000000, 0, 32767
62300, 0.001000, 0.000000, 0, 32767
62400, 0.000000, 0.001000, 0, 32767
62500, 0.000000, 0.000000, 0, 32767
62600, 0.001000, 0.000000, 0, 32767
62700, 0.000000, 0.000000, 0, 32767
62800, 0.000000, 0.000000, 0, 32767
62900, 0.001000, 0.000000, 0, 32767
63000, 0.000000, 0.000000, 0, 32767
63100, 0.000000, 0.000000, 0, 32767
63200, 0.001000, 0.000000, 0, 32767
63300, 0.000000, 0.000000, 0, 32767
63400, 0.000000, 0.000000, 0, 32767
63500, 0.001000, 0.000000, 0, 32767
63600, 0.001000, 0.000000, 0, 32767
63700, 0.001000, 0.000000, 0, 32767
63800, 0.001000, 0.000000, 0, 32767
63900, 0.000000, 0.000000, 0, 32767
64000, 0.001000, 0.000000, 0, 32767
64100, 0.000000, 0.001000, 0, 32767
64200, 0.000000, 0.000000, 0, 32767
64300, 0.001000, 0.000000, 0, 32767
64400, 0.001000, 0.000000, 0, 32767
64500, 0.000000, 0.000000, 0, 32767
64600, 0.000000, 0.000000, 0, 32767
64700, 0.001000, 0.000000, 0, 32767
64800, 0.000000, 0.000000, 0, 32767
64900, 0.000000, 0.000000, 0, 32767
65000, 0.001000, 0.000000, 0, 32767
65100, 0.000000, 0.000000, 0, 32767
65200, 0.000000, 0.000000, 0, 32767
65300, 0.001000, 0.000000, 0, 32767
65400, 0.000000, 0.000000, 0, 32767
65500, 0.000000, 0.000000, 0, 32767
65600, 0.001000, 0.000000, 0, 32767
65700, 0.000000, 0.001000, 0, 32767
65800, 0.001000, 0.000000, 0, 32767
65900, 0.001000, 0.000000, 0, 32767
66000, 0.001000, 0.000000, 0, 32767
66100, 0.001000, 0.000000, 0, 32767
66200, 0.000000, 0.001000, 0, 32767
66300, 0.000000, 0.000000, 0, 32767
66400, 0.000000, 0.000000, 0, 32767
66500, 0.001000, 0.000000, 0, 32767
66600, 0.000000, 0.001000, 0, 32767
66700, 0.000000, 0.000000, 0, 32767
66800, 0.001000, 0.000000, 0, 32767
66900, 0.000000, 0.000000, 0, 32767
67000, 0.000000, 0.000000, 0, 32767
67100, 0.001000, 0.000000, 0, 32767
67200, 0.000000, 0.001000, 0, 32767
67300, 0.000000, 0.000000, 0, 32767
67400, 0.001000, 0.000000, 0, 32767
67500, 0.000000, 0.000000, 0, 32767
67600, 0.000000, 0.000000, 0, 32767
67700, 0.001000, 0.000000, 0, 32767
67800, 0.000000, 0.000000, 0, 32767
67900, 0.001000, 0.000000, 0, 32767
68000, 0.000000, 0.001000, 0, 32767
68100, 0.001000, 0.000000, 0, 32767
68200, 0.001000, 0.000000, 0, 32767
68300, 0.000000, 0.001000, 0, 32767
68400, 0.000000, 0.000000, 0, 32767
68500, 0.001000, 0.000000, 0, 32767
68600, 0.001000, 0.000000, 0, 32767
68700, 0.000000, 0.001000, 0, 32767
68800, 0.000000, 0.000000, 0, 32767
68900, 0.001000, 0.000000, 0, 32767
69000, 0.001000, 0.000000, 0, 32767
69100, 0.000000, 0.000000, 0, 32767
69200, 0.000000, 0.000000, 0, 32767
69300, 0.001000, 0.000000, 0, 32767
69400, 0.000000, 0.001000, 0, 32767
69500, 0.000000, 0.000000, 0, 32767
69600, 0.000000, 0.000000, 0, 32767
69700, 0.001000, 0.000000, 0, 32767
69800, 0.000000, 0.001000, 0, 32767
69900, 0.000000, 0.000000, 0, 32767
70000, 0.000000, 0.000000, 0, 32767
70100, 0.000000, 0.000000, 0, 32767
70200, 0.000000, 0.001000, 0, 32767
70300, 0.001000, 0.000000, 0, 32767
70400, 0.001000, 0.000000, 0, 32767
70500, 0.001000, 0.000000, 0, 32767
70600, 0.001000, 0.000000, 0, 32767
70700, 0.001000, 0.000000, 0, 32767
70800, 0.000000, 0.002000, 0, 32767
70900, 0.000000, 0.000000, 0, 32767
71000, 0.000000, 0.000000, 0, 32767
71100, 0.000000, 0.000000, 0, 32767
71200, 0.002000, 0.000000, 0, 32767
71300, 0.000000, 0.000000, 0, 32767
71400, 0.000000, 0.002000, 0, 32767
71500, 0.000000, 0.000000, 0, 32767
71600, 0.000000, 0.000000, 0, 32767
71700, 0.001000, 0.000000, 0, 32767
71800, 0.001000, 0.000000, 0, 32767
71900, 0.000000, 0.002000, 0, 32767
72000, 0.000000, 0.000000, 0, 32767
72100, 0.000000, 0.000000, 0, 32767
72200, 0.001000, 0.000000, 0, 32767
72300, 0.001000, 0.000000, 0, 32767
72400, 0.001000, 0.000000, 0, 32767
72500, 0.000000, 0.001000, 0, 32767
72600, 0.000000, 0.000000, 0, 32767
72700, 0.001000, 0.000000, 0, 32767
72800, 0.001000, 0.000000, 0, 32767
72900, 0.000000, 0.000000, 0, 32767
73000, 0.000000, 0.000000, 0, 32767
73100, 0.001000, 0.000000, 0, 32767
73200, 0.001000, 0.000000, 0, 32767
73300, 0.001000, 0.000000, 0, 32767
73400, 0.000000, 0.000000, 0, 32767
73500, 0.000000, 0.000000, 0, 32767
73600, 0.001000, 0.000000, 0, 32767
73700, 0.001000, 0.001000, 0, 32767
73800, 0.001000, 0.001000, 0, 32767
73900, 0.000000, 0.000000, 0, 32767
74000, 0.001000, 0.000000, 0, 32767
74100, 0.001000, 0.000000, 0, 32767
74200, 0.001000, 0.000000, 0, 32767
74300, 0.000000, 0.002000, 0, 32767
74400, 0.000000, 0.001000, 0, 32767
74500, 0.000000, 0.000000, 0, 32767
74600, 0.001000, 0.000000, 0, 32767
74700, 0.001000, 0.000000, 0, 32767
74800, 0.000000, 0.001000, 0, 32767
74900, 0.000000, 0.000000, 0, 32767
75000, 0.000000, 0.000000, 0, 32767
75100, 0.001000, 0.000000, 0, 32767
75200, 0.001000, 0.000000, 0, 32767
75300, 0.001000, 0.001000, 0, 32767
75400, 0.001000, 0.000000, 0, 32767
75500, 0.000000, 0.001000, 0, 32767
75600, 0.000000, 0.000000, 0, 32767
75700, 0.001000, 0.000000, 0, 32767
75800, 0.001000, 0.000000, 0, 32767
75900, 0.001000, 0.000000, 0, 32767
76000, 0.001000, 0.000000, 0, 32767
76100, 0.000000, 0.000000, 0, 32767
76200, 0.000000, 0.000000, 0, 32767
76300, 0.001000, 0.000000, 0, 32767
76400, 0.001000, 0.000000, 0, 32767
76500, 0.000000, 0.001000, 0, 32767
76600, 0.000000, 0.000000, 0, 32767
76700, 0.000000, 0.000000, 0, 32767
76800, 0.001000, 0.000000, 0, 32767
76900, 0.001000, 0.000000, 0, 32767
77000, 0.001000, 0.000000, 0, 32767
77100, 0.001000, 0.000000, 0, 32767
77200, 0.001000, 0.000000, 0, 32767
77300, 0.001000, 0.000000, 0, 32767
77400, 0.001000, 0.000000, 0, 32767
77500, 0.001000, 0.000000, 0, 32767
77600, 0.001000, 0.000000, 0, 32767
77700, 0.001000, 0.000000, 0, 32767
77800, 0.001000, 0.000000, 0, 32767
77900, 0.001000, 0.000000, 0, 32767
78000, 0.000000, 0.001000, 0, 32767
78100, 0.000000, 0.000000, 0, 32767
78200, 0.001000, 0.000000, 0, 32767
78300, 0.001000, 0.000000, 0, 32767
78400, 0.001000, 0.000000, 0, 32767
78500, 0.001000, 0.000000, 0, 32767
78600, 0.000000, 0.001000, 0, 32767
78700, 0.000000, 0.001000, 0, 32767
78800, 0.001000, 0.000000, 0, 32767
78900, 0.000000, 0.001000, 0, 32767
79000, 0.001000, 0.000000, 0, 32767
79100, 0.001000, 0.000000, 0, 32767
79200, 0.000000, 0.001000, 0, 32767
79300, 0.001000, 0.000000, 0, 32767
79400, 0.001000, 0.000000, 0, 32767
79500, 0.019000, 0.000000, 0, 32767
79600, 0.001000, 0.000000, 0, 32767
79700, 0.001000, 0.000000, 0, 32767
79800, 0.000000, 0.001000, 0, 32767
79900, 0.001000, 0.000000, 0, 32767
80000, 0.000000, 0.001000, 0, 32767
80100, 0.000000, 0.001000, 0, 32767
80200, 0.000000, 0.001000, 0, 32767
80300, 0.000000, 0.000000, 0, 32767
80400, 0.001000, 0.000000, 0, 32767
80500, 0.000000, 0.000000, 0, 32767
80600, 0.001000, 0.000000, 0, 32767
80700, 0.001000, 0.000000, 0, 32767
80800, 0.001000, 0.000000, 0, 32767
80900, 0.002000, 0.000000, 0, 32767
81000, 0.001000, 0.000000, 0, 32767
81100, 0.001000, 0.000000, 0, 32767
81200, 0.001000, 0.000000, 0, 32767
81300, 0.002000, 0.000000, 0, 32767
81400, 0.002000, 0.000000, 0, 32767
81500, 0.000000, 0.002000, 0, 32767
81600, 0.000000, 0.000000, 0, 32767
81700, 0.000000, 0.000000, 0, 32767
81800, 0.001000, 0.000000, 0, 32767
81900, 0.000000, 0.000000, 0, 32767
82000, 0.001000, 0.000000, 0, 32767
82100, 0.000000, 0.000000, 0, 32767
82200, 0.001000, 0.000000, 0, 32767
82300, 0.001000, 0.000000, 0, 32767
82400, 0.001000, 0.000000, 0, 32767
82500, 0.000000, 0.000000, 0, 32767
82600, 0.001000, 0.000000, 0, 32767
82700, 0.001000, 0.000000, 0, 32767
82800, 0.001000, 0.000000, 0, 32767
82900, 0.001000, 0.000000, 0, 32767
83000, 0.001000, 0.000000, 0, 32767
83100, 0.002000, 0.000000, 0, 32767
83200, 0.000000, 0.001000, 0, 32767
83300, 0.000000, 0.000000, 0, 32767
83400, 0.000000, 0.000000, 0, 32767
83500, 0.000000, 0.000000, 0, 32767
83600, 0.001000, 0.000000, 0, 32767
83700, 0.001000, 0.000000, 0, 32767
83800, 0.001000, 0.000000, 0, 32767
83900, 0.001000, 0.000000, 0, 32767
84000, 0.001000, 0.000000, 0, 32767
84100, 0.000000, 0.001000, 0, 32767
84200, 0.000000, 0.000000, 0, 32767
84300, 0.000000, 0.000000, 0, 32767
84400, 0.001000, 0.000000, 0, 32767
84500, 0.000000, 0.000000, 0, 32767
84600, 0.000000, 0.000000, 0, 32767
84700, 0.001000, 0.000000, 0, 32767
84800, 0.001000, 0.000000, 0, 32767
84900, 0.001000, 0.000000, 0, 32767
85000, 0.001000, 0.000000, 0, 32767
85100, 0.001000, 0.000000, 0, 32767
85200, 0.000000, 0.001000, 0, 32767
85300, 0.001000, 0.000000, 0, 32767
85400, 0.000000, 0.001000, 0, 32767
85500, 0.000000, 0.000000, 0, 32767
85600, 0.000000, 0.000000, 0, 32767
85700, 0.000000, 0.000000, 0, 32767
85800, 0.001000, 0.000000, 0, 32767
85900, 0.000000, 0.001000, 0, 32767
86000, 0.001000, 0.000000, 0, 32767
86100, 0.001000, 0.000000, 0, 32767
86200, 0.000000, 0.001000, 0, 32767
86300, 0.000000, 0.001000, 0, 32767
86400, 0.000000, 0.000000, 0, 32767
86500, 0.000000, 0.000000, 0, 32767
86600, 0.000000, 0.000000, 0, 32767
86700, 0.000000, 0.000000, 0, 32767
86800, 0.001000, 0.000000, 0, 32767
86900, 0.001000, 0.000000, 0, 32767
87000, 0.001000, 0.000000, 0, 32767
87100, 0.000000, 0.001000, 0, 32767
87200, 0.000000, 0.000000, 0, 32767
87300, 0.000000, 0.000000, 0, 32767
87400, 0.000000, 0.000000, 0, 32767
87500, 0.001000, 0.000000, 0, 32767
87600, 0.001000, 0.000000, 0, 32767
87700, 0.002000, 0.000000, 0, 32767
87800, 0.001000, 0.000000, 0, 32767
87900, 0.001000, 0.000000, 0, 32767
88000, 0.001000, 0.000000, 0, 32767
88100, 0.000000, 0.001000, 0, 32767
88200, 0.000000, 0.000000, 0, 32767
88300, 0.000000, 0.000000, 0, 32767
88400, 0.000000, 0.000000, 0, 32767
88500, 0.001000, 0.000000, 0, 32767
88600, 0.001000, 0.000000, 0, 32767
88700, 0.001000, 0.000000, 0, 32767
88800, 0.001000, 0.000000, 0, 32767
88900, 0.001000, 0.000000, 0, 32767
89000, 0.000000, 0.000000, 0, 32767
89100, 0.001000, 0.000000, 0, 32767
89200, 0.001000, 0.001000, 0, 32767
89300, 0.001000, 0.000000, 0, 32767
89400, 0.000000, 0.001000, 0, 32767
89500, 0.001000, 0.000000, 0, 32767
89600, 0.001000, 0.000000, 0, 32767
89700, 0.001000, 0.000000, 0, 32767
89800, 0.000000, 0.000000, 0, 32767
89900, 0.001000, 0.000000, 0, 32767
90000, 0.001000, 0.000000, 0, 32767
90100, 0.001000, 0.000000, 0, 32767
90200, 0.001000, 0.000000, 0, 32767
90300, 0.001000, 0.000000, 0, 32767
90400, 0.001000, 0.000000, 0, 32767
90500, 0.001000, 0.000000, 0, 32767
90600, 0.001000, 0.000000, 0, 32767
90700, 0.001000, 0.000000, 0, 32767
90800, 0.001000, 0.001000, 0, 32767
90900, 0.001000, 0.000000, 0, 32767
91000, 0.001000, 0.000000, 0, 32767
91100, 0.001000, 0.000000, 0, 32767
91200, 0.000000, 0.000000, 0, 32767
91300, 0.000000, 0.000000, 0, 32767
91400, 0.000000, 0.000000, 0, 32767
91500, 0.000000, 0.000000, 0, 32767
91600, 0.001000, 0.000000, 0, 32767
91700, 0.002000, 0.000000, 0, 32767
91800, 0.001000, 0.000000, 0, 32767
91900, 0.001000, 0.000000, 0, 32767
92000, 0.000000, 0.001000, 0, 32767
92100, 0.000000, 0.001000, 0, 32767
92200, 0.000000, 0.000000, 0, 32767
92300, 0.001000, 0.000000, 0, 32767
92400, 0.000000, 0.001000, 0, 32767
92500, 0.002000, 0.000000, 0, 32767
92600, 0.001000, 0.000000, 0, 32767
92700, 0.001000, 0.000000, 0, 32767
92800, 0.001000, 0.000000, 0, 32767
92900, 0.001000, 0.000000, 0, 32767
93000, 0.001000, 0.000000, 0, 32767
93100, 0.001000, 0.000000, 0, 32767
93200, 0.000000, 0.001000, 0, 32767
93300, 0.000000, 0.000000, 0, 32767
93400, 0.000000, 0.000000, 0, 32767
93500, 0.001000, 0.000000, 0, 32767
93600, 0.001000, 0.000000, 0, 32767
93700, 0.001000, 0.000000, 0, 32767
93800, 0.001000, 0.001000, 0, 32767
93900, 0.001000, 0.000000, 0, 32767
94000, 0.001000, 0.000000, 0, 32767
94100, 0.000000, 0.000000, 0, 32767
94200, 0.000000, 0.000000, 0, 32767
94300, 0.001000, 0.000000, 0, 32767
94400, 0.001000, 0.000000, 0, 32767
94500, 0.001000, 0.000000, 0, 32767
94600, 0.001000, 0.000000, 0, 32767
94700, 0.001000, 0.001000, 0, 32767
94800, 0.000000, 0.000000, 0, 32767
94900, 0.000000, 0.000000, 0, 32767
95000, 0.001000, 0.000000, 0, 32767
95100, 0.000000, 0.001000, 0, 32767
95200, 0.001000, 0.000000, 0, 32767
95300, 0.001000, 0.000000, 0, 32767
95400, 0.001000, 0.000000, 0, 32767
95500, 0.001000, 0.000000, 0, 32767
95600, 0.001000, 0.000000, 0, 32767
95700, 0.001000, 0.000000, 0, 32767
95800, 0.001000, 0.000000, 0, 32767
95900, 0.001000, 0.000000, 0, 32767
96000, 0.001000, 0.000000, 0, 32767
96100, 0.001000, 0.000000, 0, 32767
96200, 0.001000, 0.000000, 0, 32767
96300, 0.000000, 0.000000, 0, 32767
96400, 0.000000, 0.001000, 0, 32767
96500, 0.001000, 0.000000, 0, 32767
96600, 0.001000, 0.000000, 0, 32767
96700, 0.001000, 0.000000, 0, 32767
96800, 0.001000, 0.000000, 0, 32767
96900, 0.001000, 0.000000, 0, 32767
97000, 0.001000, 0.000000, 0, 32767
97100, 0.001000, 0.000000, 0, 32767
97200, 0.000000, 0.001000, 0, 32767
97300, 0.000000, 0.000000, 0, 32767
97400, 0.000000, 0.000000, 0, 32767
97500, 0.000000, 0.000000, 0, 32767
97600, 0.001000, 0.000000, 0, 32767
97700, 0.000000, 0.000000, 0, 32767
97800, 0.000000, 0.001000, 0, 32767
97900, 0.001000, 0.000000, 0, 32767
98000, 0.001000, 0.001000, 0, 32767
98100, 0.001000, 0.001000, 0, 32767
98200, 0.001000, 0.000000, 0, 32767
98300, 0.001000, 0.000000, 0, 32767
98400, 0.001000, 0.000000, 0, 32767
98500, 0.001000, 0.000000, 0, 32767
98600, 0.001000, 0.000000, 0, 32767
98700, 0.001000, 0.000000, 0, 32767
98800, 0.001000, 0.000000, 0, 32767
98900, 0.001000, 0.000000, 0, 32767
99000, 0.001000, 0.000000, 0, 32767
99100, 0.000000, 0.001000, 0, 32767
99200, 0.001000, 0.000000, 0, 32767
99300, 0.001000, 0.000000, 0, 32767
99400, 0.001000, 0.000000, 0, 32767
99500, 0.001000, 0.000000, 0, 32767
99600, 0.001000, 0.000000, 0, 32767
99700, 0.001000, 0.000000, 0, 32767
99800, 0.000000, 0.001000, 0, 32767
99900, 0.000000, 0.000000, 0, 32767
100000, 0.000000, 0.000000, 0, 32767
